requirement_id,screens,tests,status
FR-01,UI-01,T12,IMPLEMENTED_TESTED
FR-02,UI-06,T11,IMPLEMENTED_TESTED
FR-03,UI-07,T08;T22,IMPLEMENTED_TESTED
FR-04,UI-02,T21,IMPLEMENTED_PARTIAL
FR-05,UI-02;UI-03,T07,IMPLEMENTED_TESTED
FR-06,UI-04,T01;T02;T16,IMPLEMENTED_PARTIAL
FR-07,UI-05;UI-08,T09;T10;T20;T30,IMPLEMENTED_PARTIAL
FR-08,UI-10,T03;T04;T05;T06;T15;T17;T25;T26;T32,IMPLEMENTED_PARTIAL
FR-09,UI-09,T27,IMPLEMENTED_TESTED
FR-10,UI-11,T13;T29,IMPLEMENTED_TESTED
FR-11,UI-01;UI-02;UI-12,T14;T18;T23;T24;T31,IMPLEMENTED_PARTIAL
FR-12,UI-12,T19;T28,IMPLEMENTED_PARTIAL
